{"cameraMode":{"drawMode":0,"name":"Shaded","section":"Shading Mode"},"sceneLighting":true,"audioPlay":false,"sceneViewState":{"m_AlwaysRefresh":false,"showFog":true,"showSkybox":false,"showFlares":true,"showImageEffects":true,"showParticleSystems":true,"showVisualEffectGraphs":true,"m_FxEnabled":true},"in2DMode":false,"pivot":{"x":-3.362921714782715,"y":2.5979113578796388,"z":18.877538681030275},"rotation":{"x":0.010660826228559018,"y":-0.4998810589313507,"z":0.006153660360723734,"w":0.8660086393356323},"size":3.752791166305542,"orthographic":false}