{"cameraMode":{"drawMode":0,"name":"Shaded","section":"Shading Mode"},"sceneLighting":false,"audioPlay":false,"sceneViewState":{"m_AlwaysRefresh":false,"showFog":true,"showSkybox":false,"showFlares":true,"showImageEffects":true,"showParticleSystems":true,"showVisualEffectGraphs":true,"m_FxEnabled":true},"in2DMode":false,"pivot":{"x":-7.331463813781738,"y":-4.363999843597412,"z":-4.997411727905273},"rotation":{"x":0.06895510107278824,"y":-0.004515388514846563,"z":0.000536654086317867,"w":0.9977647066116333},"size":0.4964607357978821,"orthographic":false}